NO,발생 일자,P/N,부품명,불량 구분,불량내용,원인구분,원인,조치내용,재발방지,수량,라인,고객
EX-Q-001,2026-03-02,EX-1002,커버 플레이트(예시),치수불량,구멍 위치가 도면 공차를 벗어남,작업자 실수,검사 누락,전수 재검사,검사 체크시트 서명 절차 도입,8,프레스,고객사A(예시)
EX-Q-002,2026-03-05,EX-3005,하우징(예시),스크래치,가공면에 긁힌 자국 발생,작업자 실수,검사 누락,전수 재검사,검사 체크시트 서명 절차 도입,3,가공,고객사A(예시)
EX-Q-003,2026-03-09,EX-2004,마운팅 암(예시),스패터,용접 스패터가 표면에 붙어 있음,작업자 실수,검사 누락,전수 재검사,검사 체크시트 서명 절차 도입,3,용접,고객사B(예시)
EX-Q-004,2026-03-13,EX-3005,하우징(예시),치수불량,외경이 하한 공차보다 작음,작업자 실수,검사 누락,전수 재검사,검사 체크시트 서명 절차 도입,8,가공,고객사A(예시)
EX-Q-005,2026-03-16,EX-1002,커버 플레이트(예시),찍힘,제품 모서리에 찍힘 자국 발생,작업자 실수,검사 누락,전수 재검사,검사 체크시트 서명 절차 도입,7,프레스,고객사A(예시)
EX-Q-006,2026-03-20,EX-1001,브래킷(예시),찍힘,제품 모서리에 찍힘 자국 발생,작업자,작업 표준 미준수,작업자 재교육,"작업 표준서 현장 게시, 신규자 교육 강화",1,프레스,고객사A(예시)
EX-Q-007,2026-03-21,EX-4007,외장 패널(예시),도장불량,도장면에 기포와 흐름 발생,작업자,작업 표준 미준수,작업자 재교육,"작업 표준서 현장 게시, 신규자 교육 강화",5,도장,고객사C(예시)
EX-Q-008,2026-03-24,EX-4007,외장 패널(예시),색상차,로트 간 색상 차이 발생,방법,이송 지그 구조상 접촉 발생,지그 접촉부에 보호재 부착,지그 설계 기준에 접촉 금지 영역 반영,3,도장,고객사C(예시)
EX-Q-009,2026-03-28,EX-3005,하우징(예시),스크래치,가공면에 긁힌 자국 발생,작업 자,취급 중 부딪힘,적재 방법 개선,제품 간 간지 삽입 기준 마련,9,가공,고객사A(예시)
EX-Q-010,2026-03-31,EX-1002,커버 플레이트(예시),찍힘,제품 모서리에 찍힘 자국 발생,방법,이송 지그 구조상 접촉 발생,지그 접촉부에 보호재 부착,지그 설계 기준에 접촉 금지 영역 반영,4,프레스,고객사A(예시)
EX-Q-011,2026-04-05,EX-2004,마운팅 암(예시),용접불량,용접 비드가 끊기고 기공이 보임,작업자 실수,검사 누락,전수 재검사,검사 체크시트 서명 절차 도입,6,용접,고객사B(예시)
EX-Q-012,2026-04-08,EX-3006,샤프트(예시),치수불량,외경이 하한 공차보다 작음,작업 자,취급 중 부딪힘,적재 방법 개선,제품 간 간지 삽입 기준 마련,2,가공,고객사C(예시)
EX-Q-013,2026-04-11,EX-3005,하우징(예시),치수불량,외경이 하한 공차보다 작음,작업자 실수,검사 누락,전수 재검사,검사 체크시트 서명 절차 도입,7,가공,고객사A(예시)
EX-Q-014,2026-04-15,EX-2004,마운팅 암(예시),용접불량,용접 비드가 끊기고 기공이 보임,작업자,작업 표준 미준수,작업자 재교육,"작업 표준서 현장 게시, 신규자 교육 강화",6,용접,고객사B(예시)
EX-Q-015,2026-04-19,EX-3005,하우징(예시),스크레치,이송 중 표면에 긁힘 발생,작업자,작업 표준 미준수,작업자 재교육,"작업 표준서 현장 게시, 신규자 교육 강화",5,가공,고객사A(예시)
EX-Q-016,2026-04-24,EX-3006,샤프트(예시),치수불량,외경이 하한 공차보다 작음,방법,이송 지그 구조상 접촉 발생,지그 접촉부에 보호재 부착,지그 설계 기준에 접촉 금지 영역 반영,12,가공,고객사C(예시)
EX-Q-017,2026-04-28,EX-2003,프레임 어셈블리(예시),용접불량,용접 비드가 끊기고 기공이 보임,작업자 실수,검사 누락,전수 재검사,검사 체크시트 서명 절차 도입,2,용접,고객사B(예시)
EX-Q-018,2026-04-29,EX-2004,마운팅 암(예시),용접불량,용접 비드가 끊기고 기공이 보임,작업자 실수,검사 누락,전수 재검사,검사 체크시트 서명 절차 도입,4,용접,고객사B(예시)
EX-Q-019,2026-05-02,EX-1002,커버 플레이트(예시),찍힘,제품 모서리에 찍힘 자국 발생,자재,입고 자재 두께 편차,해당 로트 선별 및 공급사 통보,수입검사 항목에 두께 측정 추가,9,프레스,고객사A(예시)
EX-Q-020,2026-05-07,EX-3005,하우징(예시),스크래치,가공면에 긁힌 자국 발생,방법,이송 지그 구조상 접촉 발생,지그 접촉부에 보호재 부착,지그 설계 기준에 접촉 금지 영역 반영,3,가공,고객사A(예시)
EX-Q-021,2026-05-10,EX-3006,샤프트(예시),스크레치,이송 중 표면에 긁힘 발생,금형,금형 마모로 형상이 무뎌짐,금형 연마 및 인서트 교체,금형 타수 관리 기준을 정해 교체 주기 관리,2,가공,고객사C(예시)
EX-Q-022,2026-05-15,EX-3006,샤프트(예시),스크레치,이송 중 표면에 긁힘 발생,금형,금형 마모로 형상이 무뎌짐,금형 연마 및 인서트 교체,금형 타수 관리 기준을 정해 교체 주기 관리,5,가공,고객사C(예시)
EX-Q-023,2026-05-19,EX-2004,마운팅 암(예시),치수 불량,용접 후 뒤틀림으로 평면도 초과,설비,설비 셋팅값이 기준에서 벗어남,셋팅값 재조정 및 작업 전 점검 실시,"셋팅 점검표에 항목 추가, 교대 시 확인",12,용접,고객사B(예시)
EX-Q-024,2026-05-24,EX-3005,하우징(예시),스크레치,이송 중 표면에 긁힘 발생,자재,입고 자재 두께 편차,해당 로트 선별 및 공급사 통보,수입검사 항목에 두께 측정 추가,2,가공,고객사A(예시)
EX-Q-025,2026-05-27,EX-3006,샤프트(예시),치수불량,외경이 하한 공차보다 작음,자재,입고 자재 두께 편차,해당 로트 선별 및 공급사 통보,수입검사 항목에 두께 측정 추가,6,가공,고객사C(예시)
EX-Q-026,2026-06-01,EX-2004,마운팅 암(예시),치수 불량,용접 후 뒤틀림으로 평면도 초과,작업 자,취급 중 부딪힘,적재 방법 개선,제품 간 간지 삽입 기준 마련,2,용접,고객사B(예시)
EX-Q-027,2026-06-03,EX-2003,프레임 어셈블리(예시),용접불량,용접 비드가 끊기고 기공이 보임,설비,설비 셋팅값이 기준에서 벗어남,셋팅값 재조정 및 작업 전 점검 실시,"셋팅 점검표에 항목 추가, 교대 시 확인",4,용접,고객사B(예시)
EX-Q-028,2026-06-06,EX-3006,샤프트(예시),치수불량,외경이 하한 공차보다 작음,금형,금형 마모로 형상이 무뎌짐,금형 연마 및 인서트 교체,금형 타수 관리 기준을 정해 교체 주기 관리,4,가공,고객사C(예시)
EX-Q-029,2026-06-09,EX-2004,마운팅 암(예시),스패터,용접 스패터가 표면에 붙어 있음,금형,금형 마모로 형상이 무뎌짐,금형 연마 및 인서트 교체,금형 타수 관리 기준을 정해 교체 주기 관리,10,용접,고객사B(예시)
EX-Q-030,2026-06-09,EX-2003,프레임 어셈블리(예시),용접불량,용접 비드가 끊기고 기공이 보임,설비,설비 셋팅값이 기준에서 벗어남,셋팅값 재조정 및 작업 전 점검 실시,"셋팅 점검표에 항목 추가, 교대 시 확인",4,용접,고객사B(예시)
EX-Q-031,2026-06-14,EX-4007,외장 패널(예시),도장불량,도장면에 기포와 흐름 발생,자재,입고 자재 두께 편차,해당 로트 선별 및 공급사 통보,수입검사 항목에 두께 측정 추가,11,도장,고객사C(예시)
EX-Q-032,2026-06-16,EX-2003,프레임 어셈블리(예시),용접불량,용접 비드가 끊기고 기공이 보임,설비,설비 셋팅값이 기준에서 벗어남,셋팅값 재조정 및 작업 전 점검 실시,"셋팅 점검표에 항목 추가, 교대 시 확인",4,용접,고객사B(예시)
EX-Q-033,2026-06-17,EX-2004,마운팅 암(예시),치수 불량,용접 후 뒤틀림으로 평면도 초과,작업자 실수,검사 누락,전수 재검사,검사 체크시트 서명 절차 도입,12,용접,고객사B(예시)
EX-Q-034,2026-06-21,EX-1002,커버 플레이트(예시),찍힘,제품 모서리에 찍힘 자국 발생,설비,설비 셋팅값이 기준에서 벗어남,셋팅값 재조정 및 작업 전 점검 실시,"셋팅 점검표에 항목 추가, 교대 시 확인",9,프레스,고객사A(예시)
EX-Q-035,2026-06-26,EX-3005,하우징(예시),치수불량,외경이 하한 공차보다 작음,작업자,작업 표준 미준수,작업자 재교육,"작업 표준서 현장 게시, 신규자 교육 강화",5,가공,고객사A(예시)
EX-Q-036,2026-06-29,EX-2004,마운팅 암(예시),스패터,용접 스패터가 표면에 붙어 있음,작업 자,취급 중 부딪힘,적재 방법 개선,제품 간 간지 삽입 기준 마련,2,용접,고객사B(예시)
EX-Q-037,2026-07-02,EX-3005,하우징(예시),스크래치,가공면에 긁힌 자국 발생,작업 자,취급 중 부딪힘,적재 방법 개선,제품 간 간지 삽입 기준 마련,9,가공,고객사A(예시)
EX-Q-038,2026-07-06,EX-3006,샤프트(예시),스크레치,이송 중 표면에 긁힘 발생,설비,설비 셋팅값이 기준에서 벗어남,셋팅값 재조정 및 작업 전 점검 실시,"셋팅 점검표에 항목 추가, 교대 시 확인",11,가공,고객사C(예시)
EX-Q-039,2026-07-11,EX-3005,하우징(예시),치수불량,외경이 하한 공차보다 작음,작업자 실수,검사 누락,전수 재검사,검사 체크시트 서명 절차 도입,1,가공,고객사A(예시)
EX-Q-040,2026-07-15,EX-1002,커버 플레이트(예시),치수불량,구멍 위치가 도면 공차를 벗어남,작업 자,취급 중 부딪힘,적재 방법 개선,제품 간 간지 삽입 기준 마련,11,프레스,고객사A(예시)
EX-Q-041,2026-07-19,EX-1002,커버 플레이트(예시),찍힘,제품 모서리에 찍힘 자국 발생,작업자,작업 표준 미준수,작업자 재교육,"작업 표준서 현장 게시, 신규자 교육 강화",5,프레스,고객사A(예시)
EX-Q-042,2026-07-22,EX-3006,샤프트(예시),치수불량,외경이 하한 공차보다 작음,설비,설비 셋팅값이 기준에서 벗어남,셋팅값 재조정 및 작업 전 점검 실시,"셋팅 점검표에 항목 추가, 교대 시 확인",5,가공,고객사C(예시)
EX-Q-043,2026-07-26,EX-4007,외장 패널(예시),색상차,로트 간 색상 차이 발생,설비,설비 셋팅값이 기준에서 벗어남,셋팅값 재조정 및 작업 전 점검 실시,"셋팅 점검표에 항목 추가, 교대 시 확인",4,도장,고객사C(예시)
EX-Q-044,2026-07-30,EX-3006,샤프트(예시),스크래치,가공면에 긁힌 자국 발생,작업자 실수,검사 누락,전수 재검사,검사 체크시트 서명 절차 도입,12,가공,고객사C(예시)
EX-Q-045,2026-08-02,EX-3005,하우징(예시),치수불량,외경이 하한 공차보다 작음,설비,설비 셋팅값이 기준에서 벗어남,셋팅값 재조정 및 작업 전 점검 실시,"셋팅 점검표에 항목 추가, 교대 시 확인",1,가공,고객사A(예시)
EX-Q-046,2026-08-07,EX-1002,커버 플레이트(예시),버(Burr),절단면에 버가 남아 조립 시 걸림,자재,입고 자재 두께 편차,해당 로트 선별 및 공급사 통보,수입검사 항목에 두께 측정 추가,6,프레스,고객사A(예시)
EX-Q-047,2026-08-11,EX-3005,하우징(예시),치수불량,외경이 하한 공차보다 작음,작업자,작업 표준 미준수,작업자 재교육,"작업 표준서 현장 게시, 신규자 교육 강화",10,가공,고객사A(예시)
EX-Q-048,2026-08-14,EX-1002,커버 플레이트(예시),버(Burr),절단면에 버가 남아 조립 시 걸림,작업자,작업 표준 미준수,작업자 재교육,"작업 표준서 현장 게시, 신규자 교육 강화",1,프레스,고객사A(예시)
EX-Q-049,2026-08-19,EX-3005,하우징(예시),스크래치,가공면에 긁힌 자국 발생,설비,설비 셋팅값이 기준에서 벗어남,셋팅값 재조정 및 작업 전 점검 실시,"셋팅 점검표에 항목 추가, 교대 시 확인",1,가공,고객사A(예시)
EX-Q-050,2026-08-21,EX-1001,브래킷(예시),찍힘,제품 모서리에 찍힘 자국 발생,금형,금형 마모로 형상이 무뎌짐,금형 연마 및 인서트 교체,금형 타수 관리 기준을 정해 교체 주기 관리,2,프레스,고객사A(예시)
EX-Q-051,2026-08-27,EX-1001,브래킷(예시),찍힘,제품 모서리에 찍힘 자국 발생,작업 자,취급 중 부딪힘,적재 방법 개선,제품 간 간지 삽입 기준 마련,3,프레스,고객사A(예시)
EX-Q-052,2026-09-02,EX-1001,브래킷(예시),찍힘,제품 모서리에 찍힘 자국 발생,금형,금형 마모로 형상이 무뎌짐,금형 연마 및 인서트 교체,금형 타수 관리 기준을 정해 교체 주기 관리,4,프레스,고객사A(예시)
EX-Q-053,2026-09-08,EX-1001,브래킷(예시),찍힘,제품 모서리에 찍힘 자국 발생,금형,금형 마모로 형상이 무뎌짐,금형 연마 및 인서트 교체,금형 타수 관리 기준을 정해 교체 주기 관리,5,프레스,고객사A(예시)
EX-Q-054,2026-09-15,EX-1001,브래킷(예시),찍힘,제품 모서리에 찍힘 자국 발생,금형,금형 마모로 형상이 무뎌짐,금형 연마 및 인서트 교체,금형 타수 관리 기준을 정해 교체 주기 관리,6,프레스,고객사A(예시)